Chamber,Name,Party,District,Webmail URL,Capitol Phone,Office Address,district_voice
House,Nicholas Begich,Republican,AK,https://begich.house.gov/,202-225-5765,"153 Cannon House Office Building, Washington, DC 20515",
Senate,Lisa Murkowski,Republican,AK,https://www.murkowski.senate.gov/public/index.cfm/contact,202-224-6665,"522 Hart Senate Office Building, Washington, DC 20510",907-456-0233
Senate,Dan Sullivan,Republican,AK,https://www.sullivan.senate.gov/contact/email,202-224-3004,"706 Hart Senate Office Building, Washington, DC 20510",907-456-0261
Senate,Katie Boyd Britt,Republican,AL,https://www.britt.senate.gov/contact/,202-224-5744,"502 Hart Senate Office Building, Washington, DC 20510",
Senate,Tommy Tuberville,Republican,AL,https://www.tuberville.senate.gov/contact/contact-form/,202-224-4124,"455 Russell Senate Office Building, Washington, DC 20510",205-760-7307
House,Barry Moore,Republican,AL-1,https://barrymoore.house.gov/,202-225-2901,"1511 Longworth House Office Building, Washington, DC 20515",251-264-6710
House,Shomari Figures,Democrat,AL-2,https://figures.house.gov/,202-225-4931,"225 Cannon House Office Building, Washington, DC 20515",251-283-6280
House,Mike D. Rogers,Republican,AL-3,https://mikerogers.house.gov/,202-225-3261,"2469 Rayburn House Office Building, Washington, DC 20515",
House,Robert Aderholt,Republican,AL-4,https://aderholt.house.gov/,202-225-4876,"272 Cannon House Office Building, Washington, DC 20515",256-546-0201
House,Dale Strong,Republican,AL-5,https://strong.house.gov,202-225-4801,"449 Cannon House Office Building, Washington, DC 20515",256-355-9400
House,Gary Palmer,Republican,AL-6,https://palmer.house.gov/,202-225-4921,"170 Cannon House Office Building, Washington, DC 20515",205-968-1290
House,Terri Sewell,Democrat,AL-7,https://sewell.house.gov/,202-225-2665,"1035 Longworth House Office Building, Washington, DC 20515",334-877-4414
Senate,John Boozman,Republican,AR,https://www.boozman.senate.gov/public/index.cfm/contact,202-224-4843,"555 Dirksen Senate Office Building, Washington, DC 20510",870-672-6941
Senate,Tom Cotton,Republican,AR,https://www.cotton.senate.gov/contact/contact-tom,202-224-2353,"326 Russell Senate Office Building, Washington, DC 20510",479-751-0879
House,Eric Crawford,Republican,AR-1,https://crawford.house.gov/,202-225-4076,"2422 Rayburn House Office Building, Washington, DC 20515",
House,French Hill,Republican,AR-2,https://hill.house.gov/,202-225-2506,"1533 Longworth House Office Building, Washington, DC 20515",501-324-5941
House,Steve Womack,Republican,AR-3,https://womack.house.gov/,202-225-4301,"2412 Rayburn House Office Building, Washington, DC 20515",479-424-1146
House,Bruce Westerman,Republican,AR-4,https://westerman.house.gov/,202-225-3772,"202 Cannon House Office Building, Washington, DC 20515",501-609-9796
Senate,Ruben Gallego,Democrat,AZ,https://www.gallego.senate.gov/,202-224-4521,"302 Hart Senate Office Building, Washington, DC 20510",480-697-3600
Senate,Mark Kelly,Democrat,AZ,https://www.kelly.senate.gov/contact/contact-form/,202-224-2235,"516 Hart Senate Office Building, Washington, DC 20510",602-671-7901
House,David Schweikert,Republican,AZ-1,https://schweikert.house.gov/,202-225-2190,"166 Cannon House Office Building, Washington, DC 20515",480-946-2411
House,Elijah Crane,Republican,AZ-2,https://crane.house.gov,202-225-3361,"307 Cannon House Office Building, Washington, DC 20515",
House,Yassamin Ansari,Democrat,AZ-3,https://ansari.house.gov/,202-225-4065,"1432 Longworth House Office Building, Washington, DC 20515",602-956-2285
House,Greg Stanton,Democrat,AZ-4,https://stanton.house.gov/,202-225-9888,"207 Cannon House Office Building, Washington, DC 20515",602-956-2463
House,Andy Biggs,Republican,AZ-5,https://biggs.house.gov,202-225-2635,"464 Cannon House Office Building, Washington, DC 20515",480-699-8239
House,Juan Ciscomani,Republican,AZ-6,https://ciscomani.house.gov,202-225-2542,"461 Cannon House Office Building, Washington, DC 20515",520-881-3588
House,Raul Grijalva,Democrat,AZ-7,https://grijalva.house.gov/,202-225-2435,"1203 Longworth House Office Building, Washington, DC 20515",
House,Abraham Hamadeh,Republican,AZ-8,https://hamadeh.house.gov/,202-225-4576,"1722 Longworth House Office Building, Washington, DC 20515",
House,Paul Gosar,Republican,AZ-9,https://gosar.house.gov/,202-225-2315,"2057 Rayburn House Office Building, Washington, DC 20515",623-707-0530
Senate,Alex Padilla,Democrat,CA,https://www.padilla.senate.gov/contact/,202-224-3553,"331 Hart Senate Office Building, Washington, DC 20510",619-239-3884
Senate,Adam Schiff,Democrat,CA,https://www.schiff.senate.gov,202-224-3841,"112 Hart Senate Office Building, Washington, DC 20510",No phone number available
House,Doug LaMalfa,Republican,CA-1,https://lamalfa.house.gov,202-225-3076,"408 Cannon House Office Building, Washington, DC 20515",530-223-5898
House,Mark DeSaulnier,Democrat,CA-10,https://desaulnier.house.gov/,202-225-2095,"2134 Rayburn House Office Building, Washington, DC 20515",925-754-0716
House,Nancy Pelosi,Democrat,CA-11,https://pelosi.house.gov/,202-225-4965,"1236 Longworth House Office Building, Washington, DC 20515",415-556-4862
House,Lateefah Simon,Democrat,CA-12,https://simon.house.gov/,202-225-2661,"1023 Longworth House Office Building, Washington, DC 20515",510-763-0370
House,Adam Gray,Democrat,CA-13,https://gray.house.gov/,202-225-1947,"1230 Longworth House Office Building, Washington, DC 20515",209-226-6880
House,Eric Swalwell,Democrat,CA-14,https://swalwell.house.gov,202-225-5065,"174 Cannon House Office Building, Washington, DC 20515",510-370-3322
House,Kevin Mullin,Democrat,CA-15,https://kevinmullin.house.gov,202-225-3531,"1404 Longworth House Office Building, Washington, DC 20515",650-342-0300
House,Sam Liccardo,Democrat,CA-16,https://liccardo.house.gov/,202-225-8104,"1117 Longworth House Office Building, Washington, DC 20515",No phone number available
House,Ro Khanna,Democrat,CA-17,https://khanna.house.gov,202-225-2631,"306 Cannon House Office Building, Washington, DC 20515",408-436-2720
House,Zoe Lofgren,Democrat,CA-18,https://lofgren.house.gov/,202-225-3072,"1401 Longworth House Office Building, Washington, DC 20515",408-271-8700
House,Jimmy Panetta,Democrat,CA-19,https://panetta.house.gov,202-225-2861,"200 Cannon House Office Building, Washington, DC 20515",408-960-0333
House,Jared Huffman,Democrat,CA-2,https://huffman.house.gov,202-225-5161,"2330 Rayburn House Office Building, Washington, DC 20515",415-258-9657
House,Vince Fong,Republican,CA-20,https://fong.house.gov/,202-225-2915,"243 Cannon House Office Building, Washington, DC 20515",661-327-3611
House,Jim Costa,Democrat,CA-21,https://costa.house.gov/,202-225-3341,"2081 Rayburn House Office Building, Washington, DC 20515",559-749-9330
House,David Valadao,Republican,CA-22,https://valadao.house.gov,202-225-4695,"2465 Rayburn House Office Building, Washington, DC 20515",661-864-7736
House,Jay Obernolte,Republican,CA-23,https://obernolte.house.gov,202-225-5861,"2433 Rayburn House Office Building, Washington, DC 20515",760-247-1815
House,Salud Carbajal,Democrat,CA-24,https://carbajal.house.gov,202-225-3601,"2331 Rayburn House Office Building, Washington, DC 20515",805-730-1710
House,Raul Ruiz,Democrat,CA-25,https://ruiz.house.gov,202-225-5330,"2342 Rayburn House Office Building, Washington, DC 20515",951-765-2304
House,Julia Brownley,Democrat,CA-26,https://juliabrownley.house.gov,202-225-5811,"2262 Rayburn House Office Building, Washington, DC 20515",805-379-1779
House,George Whitesides,Democrat,CA-27,https://whitesides.house.gov/,202-225-1956,"1504 Longworth House Office Building, Washington, DC 20515",661-568-4855
House,Judy Chu,Democrat,CA-28,https://chu.house.gov/,202-225-5464,"2423 Rayburn House Office Building, Washington, DC 20515",626-304-0110
House,Luz Rivas,Democrat,CA-29,https://rivas.house.gov/,202-225-6131,"1319 Longworth House Office Building, Washington, DC 20515",818-253-3535
House,Kevin Kiley,Republican,CA-3,https://kiley.house.gov,202-225-2523,"2445 Rayburn House Office Building, Washington, DC 20515",916-724-2575
House,Laura Friedman,Democrat,CA-30,https://friedman.house.gov/,202-225-4176,"1517 Longworth House Office Building, Washington, DC 20515",818-524-4384
House,Gil Cisneros,Democrat,CA-31,https://cisneros.house.gov/,202-225-5256,"2463 Rayburn House Office Building, Washington, DC 20515",626-646-0369
House,Brad Sherman,Democrat,CA-32,https://sherman.house.gov,202-225-5911,"2365 Rayburn House Office Building, Washington, DC 20515",818-501-9200
House,Pete Aguilar,Democrat,CA-33,https://aguilar.house.gov/,202-225-3201,"108 Cannon House Office Building, Washington, DC 20515",909-890-4445
House,Jimmy Gomez,Democrat,CA-34,https://gomez.house.gov/,202-225-6235,"506 Cannon House Office Building, Washington, DC 20515",213-481-1425
House,Norma Torres,Democrat,CA-35,https://torres.house.gov/,202-225-6161,"2227 Rayburn House Office Building, Washington, DC 20515",909-481-6474
House,Ted Lieu,Democrat,CA-36,https://lieu.house.gov/,202-225-3976,"2454 Rayburn House Office Building, Washington, DC 20515",323-651-1040
House,Sydney Kamlager-Dove,Democrat,CA-37,https://kamlager-dove.house.gov,202-225-7084,"144 Cannon House Office Building, Washington, DC 20515",
House,Linda Sanchez,Democrat,CA-38,https://lindasanchez.house.gov/,202-225-6676,"2309 Rayburn House Office Building, Washington, DC 20515",
House,Mark Takano,Democrat,CA-39,https://takano.house.gov,202-225-2305,"2078 Rayburn House Office Building, Washington, DC 20515",951-222-0203
House,Mike Thompson,Democrat,CA-4,https://mikethompson.house.gov/,202-225-3311,"268 Cannon House Office Building, Washington, DC 20515",530-753-5301
House,Young Kim,Republican,CA-40,https://youngkim.house.gov,202-225-4111,"2439 Rayburn House Office Building, Washington, DC 20515",949-268-6706
House,Ken Calvert,Republican,CA-41,https://calvert.house.gov/,202-225-1986,"2205 Rayburn House Office Building, Washington, DC 20515",760-620-0041
House,Robert Garcia,Democrat,CA-42,https://robertgarcia.house.gov,202-225-7924,"109 Cannon House Office Building, Washington, DC 20515",562-512-8489
House,Maxine Waters,Democrat,CA-43,https://waters.house.gov,202-225-2201,"2221 Rayburn House Office Building, Washington, DC 20515",323-757-8900
House,Nanette Barragan,Democrat,CA-44,https://barragan.house.gov,202-225-8220,"2312 Rayburn House Office Building, Washington, DC 20515",
House,Derek Tran,Democrat,CA-45,https://tran.house.gov/,202-225-2415,"1127 Longworth House Office Building, Washington, DC 20515",No phone number available
House,Luis Correa,Democrat,CA-46,https://correa.house.gov,202-225-2965,"2082 Rayburn House Office Building, Washington, DC 20515",
House,Dave Min,Democrat,CA-47,https://min.house.gov/,202-225-5611,"1034 Longworth House Office Building, Washington, DC 20515",No phone number available
House,Darrell Issa,Republican,CA-48,https://issa.house.gov,202-225-5672,"2108 Rayburn House Office Building, Washington, DC 20515",760-304-7575
House,Mike Levin,Democrat,CA-49,https://mikelevin.house.gov,202-225-3906,"2352 Rayburn House Office Building, Washington, DC 20515",949-281-2449
House,Tom McClintock,Republican,CA-5,https://mcclintock.house.gov/,202-225-2511,"2256 Rayburn House Office Building, Washington, DC 20515",916-786-5560
House,Scott Peters,Democrat,CA-50,https://scottpeters.house.gov,202-225-0508,"2369 Rayburn House Office Building, Washington, DC 20515",858-455-5550
House,Sara Jacobs,Democrat,CA-51,https://sarajacobs.house.gov,202-225-2040,"2348 Rayburn House Office Building, Washington, DC 20515",619-280-5353
House,Juan Vargas,Democrat,CA-52,https://vargas.house.gov,202-225-8045,"2467 Rayburn House Office Building, Washington, DC 20515",619-422-5963
House,Ami Bera,Democrat,CA-6,https://bera.house.gov,202-225-5716,"172 Cannon House Office Building, Washington, DC 20515",916-635-0505
House,Doris Matsui,Democrat,CA-7,https://matsui.house.gov,202-225-7163,"2206 Rayburn House Office Building, Washington, DC 20515",916-498-5600
House,John Garamendi,Democrat,CA-8,https://garamendi.house.gov/,202-225-1880,"2428 Rayburn House Office Building, Washington, DC 20515",707-645-1888
House,Josh Harder,Democrat,CA-9,https://harder.house.gov/,202-225-4540,"209 Cannon House Office Building, Washington, DC 20515",209-579-5458
Senate,Michael Bennet,Democrat,CO,https://www.bennet.senate.gov/public/index.cfm/contact,202-224-5852,"261 Russell Senate Office Building, Washington, DC 20510",970-259-1710
Senate,John Hickenlooper,Democrat,CO,https://www.hickenlooper.senate.gov/contact/,202-224-5941,"316 Hart Senate Office Building, Washington, DC 20510",970-822-4530
House,Diana DeGette,Democrat,CO-1,https://degette.house.gov,202-225-4431,"2111 Rayburn House Office Building, Washington, DC 20515",303-844-4988
House,Joseph Neguse,Democrat,CO-2,https://neguse.house.gov/,202-225-2161,"2400 Rayburn House Office Building, Washington, DC 20515",
House,Jeff Hurd,Republican,CO-3,https://hurd.house.gov/,202-225-4676,"1641 Longworth House Office Building, Washington, DC 20515",970-317-6167
House,Lauren Boebert,Republican,CO-4,https://boebert.house.gov,202-225-4761,"1713 Longworth House Office Building, Washington, DC 20515",720-639-9165
House,Jeff Crank,Republican,CO-5,https://crank.house.gov/,202-225-4422,"1029 Longworth House Office Building, Washington, DC 20515",719-520-0055
House,Jason Crow,Democrat,CO-6,https://crow.house.gov/,202-225-7882,"1323 Longworth House Office Building, Washington, DC 20515",720-748-7514
House,Brittany Pettersen,Democrat,CO-7,https://pettersen.house.gov,202-225-2645,"348 Cannon House Office Building, Washington, DC 20515",719-458-6161
House,Gabe Evans,Republican,CO-8,https://gabeevans.house.gov/,202-225-5625,"1229 Longworth House Office Building, Washington, DC 20515",970-324-2567
Senate,Richard Blumenthal,Democrat,CT,https://www.blumenthal.senate.gov/contact/,202-224-2823,"503 Hart Senate Office Building, Washington, DC 20510",203-330-0598
Senate,Christopher Murphy,Democrat,CT,https://www.murphy.senate.gov/contact,202-224-4041,"136 Hart Senate Office Building, Washington, DC 20510",
House,John Larson,Democrat,CT-1,https://larson.house.gov/,202-225-2265,"1501 Longworth House Office Building, Washington, DC 20515",860-278-8888
House,Joe Courtney,Democrat,CT-2,https://courtney.house.gov/,202-225-2076,"2449 Rayburn House Office Building, Washington, DC 20515",860-741-6011
House,Rosa DeLauro,Democrat,CT-3,https://delauro.house.gov/,202-225-3661,"2413 Rayburn House Office Building, Washington, DC 20515",203-562-3718
House,James Himes,Democrat,CT-4,https://himes.house.gov/,202-225-5541,"2137 Rayburn House Office Building, Washington, DC 20515",
House,Jahana Hayes,Democrat,CT-5,https://hayes.house.gov,202-225-4476,"2049 Rayburn House Office Building, Washington, DC 20515",860-223-8412
House,Eleanor Norton,Democrat,DC,https://norton.house.gov/,202-225-8050,"2136 Rayburn House Office Building, Washington, DC 20515",
House,Sarah McBride,Democrat,DE,https://mcbride.house.gov/,202-225-4165,"1306 Longworth House Office Building, Washington, DC 20515",No phone number available
Senate,Christopher Coons,Democrat,DE,https://www.coons.senate.gov/contact,202-224-5042,"218 Russell Senate Office Building, Washington, DC 20510",
Senate,Lisa Rochester,Democrat,DE,https://www.bluntrochester.senate.gov/,202-224-2441,"513 Hart Senate Office Building, Washington, DC 20510",
Senate,Ashley Moody,Republican,FL,https://www.moody.senate.gov,202-224-3041,"B40B Dirksen Senate Office Building, Washington, DC 20510",No phone number available
Senate,Rick Scott,Republican,FL,https://www.rickscott.senate.gov/contact/contact,202-224-5274,"110 Hart Senate Office Building, Washington, DC 20510",786-501-7141
House,Vacant,,FL-1,,,,
House,Maxwell Frost,Democrat,FL-10,https://frost.house.gov,202-225-2176,"1224 Longworth House Office Building, Washington, DC 20515",321-388-9808
House,Daniel Webster,Republican,FL-11,https://webster.house.gov/,202-225-1002,"2184 Rayburn House Office Building, Washington, DC 20515",352-383-3552
House,Gus Bilirakis,Republican,FL-12,https://bilirakis.house.gov/,202-225-5755,"2306 Rayburn House Office Building, Washington, DC 20515",727-232-2921
House,Anna Luna,Republican,FL-13,https://luna.house.gov,202-225-5961,"226 Cannon House Office Building, Washington, DC 20515",727-610-3980
House,Kathy Castor,Democrat,FL-14,https://castor.house.gov/,202-225-3376,"2188 Rayburn House Office Building, Washington, DC 20515",813-871-2817
House,Laurel Lee,Republican,FL-15,https://laurellee.house.gov,202-225-5626,"2464 Rayburn House Office Building, Washington, DC 20515",813-393-5077
House,Vern Buchanan,Republican,FL-16,https://buchanan.house.gov/,202-225-5015,"2409 Rayburn House Office Building, Washington, DC 20515",941-951-6643
House,Greg Steube,Republican,FL-17,https://steube.house.gov/,202-225-5792,"2457 Rayburn House Office Building, Washington, DC 20515",941-499-3214
House,Scott Franklin,Republican,FL-18,https://franklin.house.gov,202-225-1252,"2301 Rayburn House Office Building, Washington, DC 20515",863-644-8215
House,Byron Donalds,Republican,FL-19,https://donalds.house.gov,202-225-2536,"1710 Longworth House Office Building, Washington, DC 20515",239-252-6225
House,Neal Dunn,Republican,FL-2,https://dunn.house.gov,202-225-5235,"466 Cannon House Office Building, Washington, DC 20515",850-785-0812
House,Sheila Cherfilus-McCormick,Democrat,FL-20,https://cherfilus-mccormick.house.gov/,202-225-1313,"2442 Rayburn House Office Building, Washington, DC 20515",561-461-6767
House,Brian Mast,Republican,FL-21,https://mast.house.gov,202-225-3026,"2182 Rayburn House Office Building, Washington, DC 20515",561-530-7778
House,Lois Frankel,Democrat,FL-22,https://frankel.house.gov,202-225-9890,"2305 Rayburn House Office Building, Washington, DC 20515",561-998-9045
House,Jared Moskowitz,Democrat,FL-23,https://moskowitz.house.gov,202-225-3001,"242 Cannon House Office Building, Washington, DC 20515",754-240-6330
House,Frederica Wilson,Democrat,FL-24,https://wilson.house.gov/,202-225-4506,"2080 Rayburn House Office Building, Washington, DC 20515",954-989-2688
House,Debbie Wasserman Schultz,Democrat,FL-25,https://wassermanschultz.house.gov/,202-225-7931,"270 Cannon House Office Building, Washington, DC 20515",954-845-1179
House,Mario Diaz-Balart,Republican,FL-26,https://mariodiazbalart.house.gov/,202-225-4211,"374 Cannon House Office Building, Washington, DC 20515",305-470-8555
House,Maria Salazar,Republican,FL-27,https://salazar.house.gov,202-225-3931,"2162 Rayburn House Office Building, Washington, DC 20515",
House,Carlos Gimenez,Republican,FL-28,https://gimenez.house.gov,202-225-2778,"448 Cannon House Office Building, Washington, DC 20515",
House,Kat Cammack,Republican,FL-3,https://cammack.house.gov,202-225-5744,"2421 Rayburn House Office Building, Washington, DC 20515",352-505-0838
House,Aaron Bean,Republican,FL-4,https://bean.house.gov,202-225-0123,"2459 Rayburn House Office Building, Washington, DC 20515",904-557-9550
House,John Rutherford,Republican,FL-5,https://rutherford.house.gov,202-225-2501,"1711 Longworth House Office Building, Washington, DC 20515",904-831-5205
House,Vacant,,FL-6,,,,
House,Cory Mills,Republican,FL-7,https://mills.house.gov,202-225-4035,"346 Cannon House Office Building, Washington, DC 20515",407-638-7900
House,Mike Haridopolos,Republican,FL-8,https://haridopolos.house.gov/,202-225-3671,"1039 Longworth House Office Building, Washington, DC 20515",321-632-1776
House,Darren Soto,Democrat,FL-9,https://soto.house.gov,202-225-9889,"2353 Rayburn House Office Building, Washington, DC 20515",407-452-1171
Senate,Jon Ossoff,Democrat,GA,https://www.ossoff.senate.gov/contact-us/,202-224-3521,"317 Hart Senate Office Building, Washington, DC 20510",912-200-9402
Senate,Raphael Warnock,Democrat,GA,https://www.warnock.senate.gov/contact/,202-224-3643,"717 Hart Senate Office Building, Washington, DC 20510",770-694-7828
House,Earl Carter,Republican,GA-1,https://buddycarter.house.gov/,202-225-5831,"2432 Rayburn House Office Building, Washington, DC 20515",
House,Mike Collins,Republican,GA-10,https://collins.house.gov,202-225-4101,"2351 Rayburn House Office Building, Washington, DC 20515",770-207-1776
House,Barry Loudermilk,Republican,GA-11,https://loudermilk.house.gov,202-225-2931,"2133 Rayburn House Office Building, Washington, DC 20515",770-429-1776
House,Rick Allen,Republican,GA-12,https://allen.house.gov,202-225-2823,"462 Cannon House Office Building, Washington, DC 20515",912-243-9452
House,David Scott,Democrat,GA-13,https://davidscott.house.gov/,202-225-2939,"468 Cannon House Office Building, Washington, DC 20515",770-210-5073
House,Marjorie Greene,Republican,GA-14,https://greene.house.gov,202-225-5211,"2201 Rayburn House Office Building, Washington, DC 20515",
House,Sanford Bishop,Democrat,GA-2,https://bishop.house.gov/,202-225-3631,"2407 Rayburn House Office Building, Washington, DC 20515",478-803-2631
House,Brian Jack,Republican,GA-3,https://jack.house.gov/,202-225-5901,"1320 Longworth House Office Building, Washington, DC 20515",770-683-2033
House,Henry Johnson,Democrat,GA-4,https://hankjohnson.house.gov/,202-225-1605,"2240 Rayburn House Office Building, Washington, DC 20515",
House,Nikema Williams,Democrat,GA-5,https://nikemawilliams.house.gov,202-225-3801,"1406 Longworth House Office Building, Washington, DC 20515",404-659-0116
House,Lucy McBath,Democrat,GA-6,https://mcbath.house.gov,202-225-4501,"2246 Rayburn House Office Building, Washington, DC 20515",470-773-6330
House,Richard McCormick,Republican,GA-7,https://mccormick.house.gov,202-225-4272,"1719 Longworth House Office Building, Washington, DC 20515",
House,Austin Scott,Republican,GA-8,https://austinscott.house.gov/,202-225-6531,"2185 Rayburn House Office Building, Washington, DC 20515",229-396-5175
House,Andrew Clyde,Republican,GA-9,https://clyde.house.gov,202-225-9893,"445 Cannon House Office Building, Washington, DC 20515",470-768-6520
Senate,Mazie Hirono,Democrat,HI,https://www.hirono.senate.gov/contact,202-224-6361,"109 Hart Senate Office Building, Washington, DC 20510",808-522-8970
Senate,Brian Schatz,Democrat,HI,https://www.schatz.senate.gov/contact,202-224-3934,"722 Hart Senate Office Building, Washington, DC 20510",808-523-2061
House,Ed Case,Democrat,HI-1,https://case.house.gov/,202-225-2726,"2210 Rayburn House Office Building, Washington, DC 20515",808-650-6688
House,Jill Tokuda,Democrat,HI-2,https://tokuda.house.gov,202-225-4906,"1027 Longworth House Office Building, Washington, DC 20515",808-746-6220
Senate,Joni Ernst,Republican,IA,https://www.ernst.senate.gov/public/index.cfm/contact,202-224-3254,"260 Russell Senate Office Building, Washington, DC 20510",515-284-4574
Senate,Chuck Grassley,Republican,IA,https://www.grassley.senate.gov/contact,202-224-3744,"135 Hart Senate Office Building, Washington, DC 20510",515-288-1145
House,Mariannette Miller-Meeks,Republican,IA-1,https://millermeeks.house.gov/,202-225-6576,"504 Cannon House Office Building, Washington, DC 20515",No phone number available
House,Ashley Hinson,Republican,IA-2,https://hinson.house.gov,202-225-2911,"2458 Rayburn House Office Building, Washington, DC 20515",319-266-6925
House,Zachary Nunn,Republican,IA-3,https://nunn.house.gov,202-225-5476,"1410 Longworth House Office Building, Washington, DC 20515",
House,Randy Feenstra,Republican,IA-4,https://feenstra.house.gov,202-225-4426,"2434 Rayburn House Office Building, Washington, DC 20515",515-302-7060
Senate,Mike Crapo,Republican,ID,https://www.crapo.senate.gov/contact,202-224-6142,"239 Dirksen Senate Office Building, Washington, DC 20510",208-664-5490
Senate,James Risch,Republican,ID,https://www.risch.senate.gov/public/index.cfm?p=Email,202-224-2752,"483 Russell Senate Office Building, Washington, DC 20510",
House,Russ Fulcher,Republican,ID-1,https://fulcher.house.gov/,202-225-6611,"1514 Longworth House Office Building, Washington, DC 20515",208-888-3188
House,Michael Simpson,Republican,ID-2,https://simpson.house.gov,202-225-5531,"2084 Rayburn House Office Building, Washington, DC 20515",
Senate,Tammy Duckworth,Democrat,IL,https://www.duckworth.senate.gov/content/contact-senator,202-224-2854,"524 Hart Senate Office Building, Washington, DC 20510",618-677-7000
Senate,Richard Durbin,Democrat,IL,https://www.durbin.senate.gov/contact/,202-224-2152,"711 Hart Senate Office Building, Washington, DC 20510",
House,Jonathan Jackson,Democrat,IL-1,https://jonathanjackson.house.gov,202-225-4372,"1632 Longworth House Office Building, Washington, DC 20515",773-779-2400
House,Bradley Schneider,Democrat,IL-10,https://schneider.house.gov,202-225-4835,"300 Cannon House Office Building, Washington, DC 20515",
House,Bill Foster,Democrat,IL-11,https://foster.house.gov,202-225-3515,"2366 Rayburn House Office Building, Washington, DC 20515",630-585-7672
House,Mike Bost,Republican,IL-12,https://bost.house.gov/,202-225-5661,"352 Cannon House Office Building, Washington, DC 20515",618-622-0766
House,Nikki Budzinski,Democrat,IL-13,https://budzinski.house.gov,202-225-2371,"1717 Longworth House Office Building, Washington, DC 20515",217-305-6991
House,Lauren Underwood,Democrat,IL-14,https://underwood.house.gov/,202-225-2976,"2228 Rayburn House Office Building, Washington, DC 20515",630-549-2190
House,Mary Miller,Republican,IL-15,https://marymiller.house.gov,202-225-5271,"1740 Longworth House Office Building, Washington, DC 20515",217-703-6100
House,Darin LaHood,Republican,IL-16,https://lahood.house.gov/,202-225-6201,"503 Cannon House Office Building, Washington, DC 20515",779-238-4785
House,Eric Sorensen,Democrat,IL-17,https://sorensen.house.gov,202-225-5905,"1314 Longworth House Office Building, Washington, DC 20515",309-621-7070
House,Robin Kelly,Democrat,IL-2,https://robinkelly.house.gov/,202-225-0773,"2329 Rayburn House Office Building, Washington, DC 20515",708-679-0078
House,Delia Ramirez,Democrat,IL-3,https://ramirez.house.gov,202-225-5701,"1523 Longworth House Office Building, Washington, DC 20515",630-520-9494
House,Jesus Garcia,Democrat,IL-4,https://chuygarcia.house.gov/,202-225-8203,"2334 Rayburn House Office Building, Washington, DC 20515",
House,Mike Quigley,Democrat,IL-5,https://quigley.house.gov/,202-225-4061,"2083 Rayburn House Office Building, Washington, DC 20515",773-267-5926
House,Sean Casten,Democrat,IL-6,https://casten.house.gov,202-225-4561,"2440 Rayburn House Office Building, Washington, DC 20515",630-520-9450
House,Danny Davis,Democrat,IL-7,https://davis.house.gov,202-225-5006,"2159 Rayburn House Office Building, Washington, DC 20515",773-533-7520
House,Raja Krishnamoorthi,Democrat,IL-8,https://krishnamoorthi.house.gov,202-225-3711,"2367 Rayburn House Office Building, Washington, DC 20515",847-413-1959
House,Janice Schakowsky,Democrat,IL-9,https://schakowsky.house.gov,202-225-2111,"2408 Rayburn House Office Building, Washington, DC 20515",
Senate,Jim Banks,Republican,IN,https://www.banks.senate.gov/,202-224-4814,"303 Hart Senate Office Building, Washington, DC 20510",No phone number available
Senate,Todd Young,Republican,IN,https://www.young.senate.gov/contact,202-224-5623,"185 Dirksen Senate Office Building, 20510, Washington, DC 20510",317-226-6700
House,Frank Mrvan,Democrat,IN-1,https://mrvan.house.gov,202-225-2461,"2441 Rayburn House Office Building, Washington, DC 20515",219-795-1844
House,Rudolph Yakym III,Republican,IN-2,https://yakym.house.gov,202-225-3915,"349 Cannon House Office Building, Washington, DC 20515",
House,Marlin Stutzman,Republican,IN-3,https://stutzman.house.gov/,202-225-4436,"404 Cannon House Office Building, Washington, DC 20515",260-702-4750
House,James Baird,Republican,IN-4,https://baird.house.gov/,202-225-5037,"2303 Rayburn House Office Building, Washington, DC 20515",
House,Victoria Spartz,Republican,IN-5,https://spartz.house.gov,202-225-2276,"1609 Longworth House Office Building, Washington, DC 20515",317-848-0201
House,Jefferson Shreve,Republican,IN-6,https://shreve.house.gov/,202-225-3021,"224 Cannon House Office Building, Washington, DC 20515",317-399-3333
House,Andre Carson,Democrat,IN-7,https://carson.house.gov/,202-225-4011,"2135 Rayburn House Office Building, Washington, DC 20515",
House,Mark Messmer,Republican,IN-8,https://messmer.house.gov/,202-225-4636,"1208 Longworth House Office Building, Washington, DC 20515",812-465-6484
House,Erin Houchin,Republican,IN-9,https://houchin.house.gov,202-225-5315,"342 Cannon House Office Building, Washington, DC 20515",812-288-3999
Senate,Roger Marshall,Republican,KS,https://www.marshall.senate.gov/contact/,202-224-4774,"479A Russell Senate Office Building, Washington, DC 20510",620-765-7800
Senate,Jerry Moran,Republican,KS,https://www.moran.senate.gov/public/index.cfm/e-mail-jerry,202-224-6521,"521 Dirksen Senate Office Building, Washington, DC 20510",620-232-2286
House,Tracey Mann,Republican,KS-1,https://mann.house.gov,202-225-2715,"344 Cannon House Office Building, Washington, DC 20515",785-370-7277
House,Derek Schmidt,Republican,KS-2,https://schmidt.house.gov/,202-225-6601,"1223 Longworth House Office Building, Washington, DC 20515",620-308-7450
House,Sharice Davids,Democrat,KS-3,https://davids.house.gov/,202-225-2865,"2435 Rayburn House Office Building, Washington, DC 20515",913-621-0832
House,Ron Estes,Republican,KS-4,https://estes.house.gov/,202-225-6216,"2234 Rayburn House Office Building, Washington, DC 20515",316-262-8992
Senate,Mitch McConnell,Republican,KY,https://www.mcconnell.senate.gov/public/index.cfm?p=contact,202-224-2541,"317 Russell Senate Office Building, Washington, DC 20510",270-781-1673
Senate,Rand Paul,Republican,KY,https://www.paul.senate.gov/connect/email-rand,202-224-4343,"295 Russell Senate Office Building, Washington, DC 20510",270-782-8303
House,James Comer,Republican,KY-1,https://comer.house.gov/,202-225-3115,"2410 Rayburn House Office Building, Washington, DC 20515",270-487-9509
House,Brett Guthrie,Republican,KY-2,https://guthrie.house.gov/,202-225-3501,"2161 Rayburn House Office Building, Washington, DC 20515",270-842-9896
House,Morgan McGarvey,Democrat,KY-3,https://mcgarvey.house.gov,202-225-5401,"1527 Longworth House Office Building, Washington, DC 20515",502-582-5129
House,Thomas Massie,Republican,KY-4,https://massie.house.gov,202-225-3465,"2371 Rayburn House Office Building, Washington, DC 20515",859-426-0080
House,Harold Rogers,Republican,KY-5,https://halrogers.house.gov/,202-225-4601,"2406 Rayburn House Office Building, Washington, DC 20515",
House,Garland Barr,Republican,KY-6,https://barr.house.gov/,202-225-4706,"2430 Rayburn House Office Building, Washington, DC 20515",
Senate,Bill Cassidy,Republican,LA,https://www.cassidy.senate.gov/contact,202-224-5824,"455 Dirksen Senate Office Building, Washington, DC 20510",337-602-7253
Senate,John Kennedy,Republican,LA,https://www.kennedy.senate.gov/public/email-me,202-224-4623,"437 Russell Senate Office Building, Washington, DC 20510",
House,Steve Scalise,Republican,LA-1,https://scalise.house.gov/,202-225-3015,"266 Cannon House Office Building, Washington, DC 20515",985-879-2300
House,Troy Carter,Democrat,LA-2,https://troycarter.house.gov,202-225-6636,"442 Cannon House Office Building, Washington, DC 20515",No phone number available
House,Clay Higgins,Republican,LA-3,https://clayhiggins.house.gov,202-225-2031,"572 Cannon House Office Building, Washington, DC 20515",337-703-6105
House,Mike Johnson,Republican,LA-4,https://mikejohnson.house.gov,202-225-2777,"568 Cannon House Office Building, Washington, DC 20515",No phone number available
House,Julia Letlow,Republican,LA-5,https://letlow.house.gov,202-225-8490,"142 Cannon House Office Building, Washington, DC 20515",318-319-6465
House,Cleo Fields,Democrat,LA-6,https://fields.house.gov/,202-225-3901,"2349 Rayburn House Office Building, Washington, DC 20515",225-952-1965
Senate,Edward Markey,Democrat,MA,https://www.markey.senate.gov/contact,202-224-2742,"255 Dirksen Senate Office Building, Washington, DC 20510",
Senate,Elizabeth Warren,Democrat,MA,https://www.warren.senate.gov/?p=email_senator,202-224-4543,"311 Hart Senate Office Building, Washington, DC 20510",617-565-3170
House,Richard Neal,Democrat,MA-1,https://neal.house.gov/,202-225-5601,"372 Cannon House Office Building, Washington, DC 20515",413-442-0946
House,James McGovern,Democrat,MA-2,https://mcgovern.house.gov/,202-225-6101,"370 Cannon House Office Building, Washington, DC 20515",
House,Lori Trahan,Democrat,MA-3,https://trahan.house.gov,202-225-3411,"2233 Rayburn House Office Building, Washington, DC 20515",978-459-0101
House,Jake Auchincloss,Democrat,MA-4,https://auchincloss.house.gov,202-225-5931,"1524 Longworth House Office Building, Washington, DC 20515",508-431-1110
House,Katherine Clark,Democrat,MA-5,https://katherineclark.house.gov/index.cfm/home,202-225-2836,"2368 Rayburn House Office Building, Washington, DC 20515",617-354-0292
House,Seth Moulton,Democrat,MA-6,https://moulton.house.gov/,202-225-8020,"1126 Longworth House Office Building, Washington, DC 20515",978-531-1669
House,Ayanna Pressley,Democrat,MA-7,https://pressley.house.gov,202-225-5111,"402 Cannon House Office Building, Washington, DC 20515",617-850-0040
House,Stephen Lynch,Democrat,MA-8,https://lynch.house.gov/,202-225-8273,"2109 Rayburn House Office Building, Washington, DC 20515",508-586-5555
House,William Keating,Democrat,MA-9,https://keating.house.gov/,202-225-3111,"2372 Rayburn House Office Building, Washington, DC 20515",
Senate,Angela Alsobrooks,Democrat,MD,https://alsobrooks.senate.gov/,202-224-4524,"B40E Dirksen Senate Office Building, Washington, DC 20510",301-860-0414
Senate,Chris Van Hollen,Democrat,MD,https://www.vanhollen.senate.gov/contact/email,202-224-4654,"730 Hart Senate Office Building, Washington, DC 20510",410-263-1325
House,Andy Harris,Republican,MD-1,https://harris.house.gov/,202-225-5311,"1536 Longworth House Office Building, Washington, DC 20515",No phone number available
House,Johnny Olszewski,Democrat,MD-2,https://olszewski.house.gov/,202-225-3061,"1339 Longworth House Office Building, Washington, DC 20515",410-427-5725
House,Sarah Elfreth,Democrat,MD-3,https://elfreth.house.gov/,202-225-4016,"1213 Longworth House Office Building, Washington, DC 20515",410-832-8890
House,Glenn Ivey,Democrat,MD-4,https://ivey.house.gov,202-225-8699,"1610 Longworth House Office Building, Washington, DC 20515",240-906-6262
House,Steny Hoyer,Democrat,MD-5,https://hoyer.house.gov/,202-225-4131,"1705 Longworth House Office Building, Washington, DC 20515",301-474-0119
House,April McClain-Delaney,Democrat,MD-6,https://mcclaindelaney.house.gov/,202-225-2721,"1130 Longworth House Office Building, Washington, DC 20515",301-926-0300
House,Kweisi Mfume,Democrat,MD-7,https://mfume.house.gov/,202-225-4741,"2263 Rayburn House Office Building, Washington, DC 20515",410-818-2120
House,Jamie Raskin,Democrat,MD-8,https://raskin.house.gov,202-225-5341,"2242 Rayburn House Office Building, Washington, DC 20515",301-354-1000
Senate,Susan Collins,Republican,ME,https://www.collins.senate.gov/contact,202-224-2523,"413 Dirksen Senate Office Building, Washington, DC 20510",207-622-8414
Senate,Angus King,Independent,ME,https://www.king.senate.gov/contact,202-224-5344,"133 Hart Senate Office Building, Washington, DC 20510",207-622-8292
House,Chellie Pingree,Democrat,ME-1,https://pingree.house.gov/,202-225-6116,"2354 Rayburn House Office Building, Washington, DC 20515",207-774-5019
House,Jared Golden,Democrat,ME-2,https://golden.house.gov,202-225-6306,"1107 Longworth House Office Building, Washington, DC 20515",207-492-6009
Senate,Gary Peters,Democrat,MI,https://www.peters.senate.gov/contact/email-gary,202-224-6221,"724 Hart Senate Office Building, Washington, DC 20510",313-226-6020
Senate,Elissa Slotkin,Democrat,MI,https://www.slotkin.senate.gov/,202-224-4822,"288 Russell Senate Office Building, Washington, DC 20510",No phone number available
House,Jack Bergman,Republican,MI-1,https://bergman.house.gov,202-225-4735,"566 Cannon House Office Building, Washington, DC 20515",231-944-7633
House,John James,Republican,MI-10,https://james.house.gov,202-225-4961,"1519 Longworth House Office Building, Washington, DC 20515",586-498-7122
House,Haley Stevens,Democrat,MI-11,https://stevens.house.gov/,202-225-8171,"2411 Rayburn House Office Building, Washington, DC 20515",734-853-3040
House,Rashida Tlaib,Democrat,MI-12,https://tlaib.house.gov/,202-225-5126,"2438 Rayburn House Office Building, Washington, DC 20515",313-463-6220
House,Shri Thanedar,Democrat,MI-13,https://thanedar.house.gov,202-225-5802,"154 Cannon House Office Building, Washington, DC 20515",313-880-2400
House,John Moolenaar,Republican,MI-2,https://moolenaar.house.gov/,202-225-3561,"246 Cannon House Office Building, Washington, DC 20515",616-528-7100
House,Hillary Scholten,Democrat,MI-3,https://scholten.house.gov,202-225-3831,"1317 Longworth House Office Building, Washington, DC 20515",616-451-8383
House,Bill Huizenga,Republican,MI-4,https://huizenga.house.gov/,202-225-4401,"2232 Rayburn House Office Building, Washington, DC 20515",269-569-8595
House,Tim Walberg,Republican,MI-5,https://walberg.house.gov/,202-225-6276,"2266 Rayburn House Office Building, Washington, DC 20515",269-479-3115
House,Debbie Dingell,Democrat,MI-6,https://debbiedingell.house.gov/,202-225-4071,"102 Cannon House Office Building, Washington, DC 20515",313-278-2936
House,Tom Barrett,Republican,MI-7,https://barrett.house.gov/,202-225-4872,"1232 Longworth House Office Building, Washington, DC 20515",517-993-0510
House,Kristen McDonald Rivet,Democrat,MI-8,https://mcdonaldrivet.house.gov/,202-225-3611,"1408 Longworth House Office Building, Washington, DC 20515",810-238-8627
House,Lisa McClain,Republican,MI-9,https://mcclain.house.gov,202-225-2106,"562 Cannon House Office Building, Washington, DC 20515",586-697-9300
Senate,Amy Klobuchar,Democrat,MN,https://www.klobuchar.senate.gov/public/index.cfm/contact,202-224-3244,"425 Dirksen Senate Office Building, Washington, DC 20510",218-741-9690
Senate,Tina Smith,Democrat,MN,https://www.smith.senate.gov/share-your-opinion/,202-224-5641,"720 Hart Senate Office Building, Washington, DC 20510",218-284-8721
House,Brad Finstad,Republican,MN-1,https://finstad.house.gov/,202-225-2472,"2418 Rayburn House Office Building, Washington, DC 20515",507-577-6141
House,Angela Craig,Democrat,MN-2,https://craig.house.gov,202-225-2271,"2052 Rayburn House Office Building, Washington, DC 20515",
House,Kelly Morrison,Democrat,MN-3,https://morrison.house.gov/,202-225-2871,"1205 Longworth House Office Building, Washington, DC 20515",No phone number available
House,Betty McCollum,Democrat,MN-4,https://mccollum.house.gov,202-225-6631,"2426 Rayburn House Office Building, Washington, DC 20515",651-224-9191
House,Ilhan Omar,Democrat,MN-5,https://omar.house.gov/,202-225-4755,"1730 Longworth House Office Building, Washington, DC 20515",612-333-1272
House,Tom Emmer,Republican,MN-6,https://emmer.house.gov/,202-225-2331,"326 Cannon House Office Building, Washington, DC 20515",763-241-6848
House,Michelle Fischbach,Republican,MN-7,https://fischbach.house.gov,202-225-2165,"2229 Rayburn House Office Building, Washington, DC 20515",218-422-2090
House,Pete Stauber,Republican,MN-8,https://stauber.house.gov,202-225-6211,"145 Cannon House Office Building, Washington, DC 20515",218-355-0240
Senate,Josh Hawley,Republican,MO,https://www.hawley.senate.gov/contact-senator-hawley,202-224-6154,"115 Russell Senate Office Building, Washington, DC 20510",573-334-5995
Senate,Eric Schmitt,Republican,MO,https://www.schmitt.senate.gov/contact/,202-224-5721,"387 Russell Senate Office Building, Washington, DC 20510",314-230-7263
House,Wesley Bell,Democrat,MO-1,https://bell.house.gov/,202-225-2406,"1429 Longworth House Office Building, Washington, DC 20515",314-955-9980
House,Ann Wagner,Republican,MO-2,https://wagner.house.gov,202-225-1621,"2350 Rayburn House Office Building, Washington, DC 20515",636-231-1001
House,Robert Onder,Republican,MO-3,https://onder.house.gov/,202-225-2956,"1113 Longworth House Office Building, Washington, DC 20515",
House,Mark Alford,Republican,MO-4,https://alford.house.gov,202-225-2876,"328 Cannon House Office Building, Washington, DC 20515",417-532-5582
House,Emanuel Cleaver,Democrat,MO-5,https://cleaver.house.gov,202-225-4535,"2217 Rayburn House Office Building, Washington, DC 20515",816-833-4545
House,Sam Graves,Republican,MO-6,https://graves.house.gov/,202-225-7041,"1135 Longworth House Office Building, Washington, DC 20515",816-749-0800
House,Eric Burlison,Republican,MO-7,https://burlison.house.gov,202-225-6536,"1108 Longworth House Office Building, Washington, DC 20515",417-781-1041
House,Jason Smith,Republican,MO-8,https://jasonsmith.house.gov,202-225-4404,"1011 Longworth House Office Building, Washington, DC 20515",573-364-2455
Senate,Cindy Hyde-Smith,Republican,MS,https://www.hydesmith.senate.gov/contact-senator,202-224-5054,"528 Hart Senate Office Building, Washington, DC 20510",662-236-1018
Senate,Roger Wicker,Republican,MS,https://www.wicker.senate.gov/public/index.cfm/contact,202-224-6253,"425 Russell Senate Office Building, Washington, DC 20510",601-965-4644
House,Trent Kelly,Republican,MS-1,https://trentkelly.house.gov/,202-225-4306,"2243 Rayburn House Office Building, Washington, DC 20515",662-687-1545
House,Bennie Thompson,Democrat,MS-2,https://benniethompson.house.gov/,202-225-5876,"2466 Rayburn House Office Building, Washington, DC 20515",662-741-9003
House,Michael Guest,Republican,MS-3,https://guest.house.gov,202-225-5031,"450 Cannon House Office Building, Washington, DC 20515",769-241-6120
House,Mike Ezell,Republican,MS-4,https://ezell.house.gov,202-225-5772,"443 Cannon House Office Building, Washington, DC 20515",601-582-3246
Senate,Steve Daines,Republican,MT,https://www.daines.senate.gov/connect/email-steve,202-224-2651,"320 Hart Senate Office Building, Washington, DC 20510",406-482-9010
Senate,Tim Sheehy,Republican,MT,https://www.sheehy.senate.gov/,202-224-2644,"G55 Dirksen Senate Office Building, Washington, DC 20510",406-252-0559
House,Ryan Zinke,Republican,MT-1,https://zinke.house.gov,202-225-5628,"512 Cannon House Office Building, Washington, DC 20515",406-317-0277
House,Troy Downing,Republican,MT-2,https://downing.house.gov/,202-225-3211,"1529 Longworth House Office Building, Washington, DC 20515",406-502-1435
Senate,Ted Budd,Republican,NC,https://www.budd.senate.gov/contact/,202-224-3154,"304 Russell Senate Office Building, Washington, DC 20510",336-941-4470
Senate,Thom Tillis,Republican,NC,https://www.tillis.senate.gov/public/index.cfm/email-me,202-224-6342,"113 Dirksen Senate Office Building, Washington, DC 20510",336-885-0685
House,Donald Davis,Democrat,NC-1,https://dondavis.house.gov,202-225-3101,"1123 Longworth House Office Building, Washington, DC 20515",
House,Pat Harrigan,Republican,NC-10,https://harrigan.house.gov/,202-225-2576,"1233 Longworth House Office Building, Washington, DC 20515",828-327-6100
House,Chuck Edwards,Republican,NC-11,https://edwards.house.gov,202-225-6401,"1505 Longworth House Office Building, Washington, DC 20515",828-435-7310
House,Alma Adams,Democrat,NC-12,https://adams.house.gov,202-225-1510,"2436 Rayburn House Office Building, Washington, DC 20515",704-344-9950
House,Brad Knott,Republican,NC-13,https://knott.house.gov/,202-225-4531,"1239 Longworth House Office Building, Washington, DC 20515",No phone number available
House,Tim Moore,Republican,NC-14,https://timmoore.house.gov/,202-225-5634,"1424 Longworth House Office Building, Washington, DC 20515",980-460-8110
House,Deborah Ross,Democrat,NC-2,https://ross.house.gov,202-225-3032,"1221 Longworth House Office Building, Washington, DC 20515",No phone number available
House,Greg Murphy,Republican,NC-3,https://gregmurphy.house.gov,202-225-3415,"407 Cannon House Office Building, Washington, DC 20515",252-230-3549
House,Valerie Foushee,Democrat,NC-4,https://foushee.house.gov,202-225-1784,"2452 Rayburn House Office Building, Washington, DC 20515",919-967-7924
House,Virginia Foxx,Republican,NC-5,https://foxx.house.gov/,202-225-2071,"2462 Rayburn House Office Building, Washington, DC 20515",828-265-0240
House,Addison McDowell,Republican,NC-6,https://mcdowell.house.gov/,202-225-3065,"1032 Longworth House Office Building, Washington, DC 20515",336-333-5005
House,David Rouzer,Republican,NC-7,https://rouzer.house.gov/,202-225-2731,"2333 Rayburn House Office Building, Washington, DC 20515",910-702-6140
House,Mark Harris,Republican,NC-8,https://markharris.house.gov/,202-225-1976,"126 Cannon House Office Building, Washington, DC 20515",704-218-5300
House,Richard Hudson,Republican,NC-9,https://hudson.house.gov,202-225-3715,"2112 Rayburn House Office Building, Washington, DC 20515",910-910-1924
House,Julie Fedorchak,Republican,ND,https://fedorchak.house.gov/,202-225-2611,"1607 Longworth House Office Building, Washington, DC 20515",701-354-6700
Senate,Kevin Cramer,Republican,ND,https://www.cramer.senate.gov/contact/contact-kevin,202-224-2043,"313 Hart Senate Office Building, Washington, DC 20510",701-204-0500
Senate,John Hoeven,Republican,ND,https://www.hoeven.senate.gov/contact/contact-the-senator,202-224-2551,"338 Russell Senate Office Building, Washington, DC 20510",701-250-4618
Senate,Deb Fischer,Republican,NE,https://www.fischer.senate.gov/public/index.cfm/contact,202-224-6551,"448 Russell Senate Office Building, Washington, DC 20510",402-441-4600
Senate,Pete Ricketts,Republican,NE,https://www.ricketts.senate.gov/contact/,202-224-4224,"139 Russell Senate Office Building, Washington, DC 20510",308-233-3677
House,Mike Flood,Republican,NE-1,https://flood.house.gov/,202-225-4806,"343 Cannon House Office Building, Washington, DC 20515",402-438-1598
House,Don Bacon,Republican,NE-2,https://bacon.house.gov,202-225-4155,"2104 Rayburn House Office Building, Washington, DC 20515",402-607-0077
House,Adrian Smith,Republican,NE-3,https://adriansmith.house.gov/,202-225-6435,"502 Cannon House Office Building, Washington, DC 20515",308-633-6333
Senate,Margaret Hassan,Democrat,NH,https://www.hassan.senate.gov/content/contact-senator,202-224-3324,"324 Hart Senate Office Building, Washington, DC 20510",
Senate,Jeanne Shaheen,Democrat,NH,https://www.shaheen.senate.gov/contact/contact-jeanne,202-224-2841,"506 Hart Senate Office Building, Washington, DC 20510",603-752-6300
House,Christopher Pappas,Democrat,NH-1,https://pappas.house.gov,202-225-5456,"452 Cannon House Office Building, Washington, DC 20515",
House,Maggie Goodlander,Democrat,NH-2,https://goodlander.house.gov/,202-225-5206,"223 Cannon House Office Building, Washington, DC 20515",603-444-7700
Senate,Cory Booker,Democrat,NJ,https://www.booker.senate.gov/?p=contact,202-224-3224,"306 Hart Senate Office Building, Washington, DC 20510",856-338-8922
Senate,Andy Kim,Democrat,NJ,https://www.kim.senate.gov/,202-224-4744,"B40D Dirksen Senate Office Building, Washington, DC 20510",201-377-0900
House,Donald Norcross,Democrat,NJ-1,https://norcross.house.gov,202-225-6501,"2427 Rayburn House Office Building, Washington, DC 20515",856-427-7000
House,LaMonica McIver,Democrat,NJ-10,https://mciver.house.gov/,202-225-3436,"426 Cannon House Office Building, Washington, DC 20515",973-645-3213
House,Rebecca Sherrill,Democrat,NJ-11,https://sherrill.house.gov/,202-225-5034,"1427 Longworth House Office Building, Washington, DC 20515",
House,Bonnie Coleman,Democrat,NJ-12,https://watsoncoleman.house.gov/,202-225-5801,"168 Cannon House Office Building, Washington, DC 20515",
House,Jeff Van Drew,Republican,NJ-2,https://vandrew.house.gov,202-225-6572,"2447 Rayburn House Office Building, Washington, DC 20515",609-625-5008
House,Herbert Conaway Jr.,Democrat,NJ-3,https://conaway.house.gov/,202-225-4765,"1022 Longworth House Office Building, Washington, DC 20515",
House,Christopher Smith,Republican,NJ-4,https://chrissmith.house.gov/,202-225-3765,"2373 Rayburn House Office Building, Washington, DC 20515",
House,Josh Gottheimer,Democrat,NJ-5,https://gottheimer.house.gov,202-225-4465,"106 Cannon House Office Building, Washington, DC 20515",973-940-1117
House,Frank Pallone,Democrat,NJ-6,https://pallone.house.gov,202-225-4671,"2107 Rayburn House Office Building, Washington, DC 20515",732-249-8892
House,Thomas Kean,Republican,NJ-7,https://kean.house.gov,202-225-5361,"251 Cannon House Office Building, Washington, DC 20515",
House,Robert Menendez,Democrat,NJ-8,https://menendez.house.gov,202-225-7919,"2453 Rayburn House Office Building, Washington, DC 20515",
House,Nellie Pou,Democrat,NJ-9,https://pou.house.gov/,202-225-5751,"1007 Longworth House Office Building, Washington, DC 20515",973-523-5152
Senate,Martin Heinrich,Democrat,NM,https://www.heinrich.senate.gov/contact,202-224-5521,"709 Hart Senate Office Building, Washington, DC 20510",505-325-5030
Senate,Ben Lujan,Democrat,NM,https://www.lujan.senate.gov/contact/,202-224-6621,"498 Russell Senate Office Building, Washington, DC 20510",
House,Melanie Stansbury,Democrat,NM-1,https://stansbury.house.gov/,202-225-6316,"1421 Longworth House Office Building, Washington, DC 20515",505-346-6781
House,Gabe Vasquez,Democrat,NM-2,https://vasquez.house.gov,202-225-2365,"322 Cannon House Office Building, Washington, DC 20515",505-208-4777
House,Teresa Fernandez,Democrat,NM-3,https://fernandez.house.gov,202-225-6190,"2417 Rayburn House Office Building, Washington, DC 20515",
Senate,Catherine Cortez Masto,Democrat,NV,https://www.cortezmasto.senate.gov/contact,202-224-3542,"309 Hart Senate Office Building, Washington, DC 20510",775-686-5750
Senate,Jacky Rosen,Democrat,NV,https://www.rosen.senate.gov/contact_jacky,202-224-6244,"713 Hart Senate Office Building, Washington, DC 20510",775-337-0110
House,Dina Titus,Democrat,NV-1,https://titus.house.gov/,202-225-5965,"2370 Rayburn House Office Building, Washington, DC 20515",702-220-9823
House,Mark Amodei,Republican,NV-2,https://amodei.house.gov,202-225-6155,"104 Cannon House Office Building, Washington, DC 20515",775-777-7705
House,Suzanne Lee,Democrat,NV-3,https://susielee.house.gov,202-225-3252,"365 Cannon House Office Building, Washington, DC 20515",
House,Steven Horsford,Democrat,NV-4,https://horsford.house.gov,202-225-9894,"406 Cannon House Office Building, Washington, DC 20515",702-963-9360
Senate,Kirsten Gillibrand,Democrat,NY,https://www.gillibrand.senate.gov/contact/email-me,202-224-4451,"478 Russell Senate Office Building, Washington, DC 20510",518-431-0120
Senate,Charles Schumer,Democrat,NY,https://www.schumer.senate.gov/contact/email-chuck,202-224-6542,"322 Hart Senate Office Building, Washington, DC 20510",
House,Nick LaLota,Republican,NY-1,https://lalota.house.gov,202-225-3826,"122 Cannon House Office Building, Washington, DC 20515",631-289-1097
House,Daniel Goldman,Democrat,NY-10,https://goldman.house.gov,202-225-7944,"245 Cannon House Office Building, Washington, DC 20515",
House,Nicole Malliotakis,Republican,NY-11,https://malliotakis.house.gov,202-225-3371,"1124 Longworth House Office Building, Washington, DC 20515",718-306-1620
House,Jerrold Nadler,Democrat,NY-12,https://nadler.house.gov,202-225-5635,"2132 Rayburn House Office Building, Washington, DC 20515",
House,Adriano Espaillat,Democrat,NY-13,https://espaillat.house.gov,202-225-4365,"2332 Rayburn House Office Building, Washington, DC 20515",212-663-3900
House,Alexandria Ocasio-Cortez,Democrat,NY-14,https://ocasio-cortez.house.gov/,202-225-3965,"250 Cannon House Office Building, Washington, DC 20515",No phone number available
House,Ritchie Torres,Democrat,NY-15,https://ritchietorres.house.gov,202-225-4361,"1414 Longworth House Office Building, Washington, DC 20515",718-503-9610
House,George Latimer,Democrat,NY-16,https://latimer.house.gov/,202-225-2464,"1507 Longworth House Office Building, Washington, DC 20515",914-323-5550
House,Michael Lawler,Republican,NY-17,https://lawler.house.gov,202-225-6506,"324 Cannon House Office Building, Washington, DC 20515",
House,Pat Ryan,Democrat,NY-18,https://patryan.house.gov/,202-225-5614,"1708 Longworth House Office Building, Washington, DC 20515",845-443-2930
House,Josh Riley,Democrat,NY-19,https://riley.house.gov/,202-225-5441,"128 Cannon House Office Building, Washington, DC 20515",518-625-2100
House,Andrew Garbarino,Republican,NY-2,https://garbarino.house.gov,202-225-7896,"2344 Rayburn House Office Building, Washington, DC 20515",631-541-4225
House,Paul Tonko,Democrat,NY-20,https://tonko.house.gov/,202-225-5076,"2269 Rayburn House Office Building, Washington, DC 20515",518-374-4547
House,Elise Stefanik,Republican,NY-21,https://stefanik.house.gov/,202-225-4611,"2211 Rayburn House Office Building, Washington, DC 20515",518-242-4707
House,John Mannion,Democrat,NY-22,https://mannion.house.gov/,202-225-3701,"1516 Longworth House Office Building, Washington, DC 20515",315-233-4333
House,Nicholas Langworthy,Republican,NY-23,https://langworthy.house.gov,202-225-3161,"422 Cannon House Office Building, Washington, DC 20515",
House,Claudia Tenney,Republican,NY-24,https://tenney.house.gov/,202-225-3665,"2230 Rayburn House Office Building, Washington, DC 20515",315-236-7088
House,Joseph Morelle,Democrat,NY-25,https://morelle.house.gov,202-225-3615,"570 Cannon House Office Building, Washington, DC 20515",
House,Timothy Kennedy,Democrat,NY-26,https://kennedy.house.gov,202-225-3306,"423 Cannon House Office Building, Washington, DC 20515",
House,Thomas Suozzi,Democrat,NY-3,https://suozzi.house.gov,202-225-3335,"203 Cannon House Office Building, Washington, DC 20515",
House,Laura Gillen,Democrat,NY-4,https://gillen.house.gov/,202-225-5516,"428 Cannon House Office Building, Washington, DC 20515",516-739-3008
House,Gregory Meeks,Democrat,NY-5,https://meeks.house.gov,202-225-3461,"2310 Rayburn House Office Building, Washington, DC 20515",347-230-4032
House,Grace Meng,Democrat,NY-6,https://meng.house.gov,202-225-2601,"2468 Rayburn House Office Building, Washington, DC 20515",718-358-6364
House,Nydia Velazquez,Democrat,NY-7,https://velazquez.house.gov,202-225-2361,"2302 Rayburn House Office Building, Washington, DC 20515",
House,Hakeem Jeffries,Democrat,NY-8,https://jeffries.house.gov,202-225-5936,"2267 Rayburn House Office Building, Washington, DC 20515",718-237-2211
House,Yvette Clarke,Democrat,NY-9,https://clarke.house.gov/,202-225-6231,"2058 Rayburn House Office Building, Washington, DC 20515",718-287-1142
Senate,Jon Husted,Republican,OH,https://www.husted.senate.gov,202-224-3353,"198 Russell Senate Office Building, Washington, DC 20510",No phone number available
Senate,Bernie Moreno,Republican,OH,https://www.moreno.senate.gov,202-224-2315,"B33 Russell Senate Office Building, Washington, DC 20510",513-684-1021
House,Greg Landsman,Democrat,OH-1,https://landsman.house.gov,202-225-2216,"2244 Rayburn House Office Building, Washington, DC 20515",513-810-7988
House,Michael Turner,Republican,OH-10,https://turner.house.gov/,202-225-6465,"2183 Rayburn House Office Building, Washington, DC 20515",
House,Shontel Brown,Democrat,OH-11,https://shontelbrown.house.gov,202-225-7032,"2455 Rayburn House Office Building, Washington, DC 20515",216-522-4900
House,Troy Balderson,Republican,OH-12,https://balderson.house.gov,202-225-5355,"2429 Rayburn House Office Building, Washington, DC 20515",614-523-2555
House,Emilia Sykes,Democrat,OH-13,https://sykes.house.gov,202-225-6265,"1217 Longworth House Office Building, Washington, DC 20515",330-400-5350
House,David Joyce,Republican,OH-14,https://joyce.house.gov,202-225-5731,"2065 Rayburn House Office Building, Washington, DC 20515",
House,Mike Carey,Republican,OH-15,https://carey.house.gov,202-225-2015,"1433 Longworth House Office Building, Washington, DC 20515",614-927-6902
House,David Taylor,Republican,OH-2,https://taylor.house.gov/,202-225-3164,"325 Cannon House Office Building, Washington, DC 20515",
House,Joyce Beatty,Democrat,OH-3,https://beatty.house.gov,202-225-4324,"2079 Rayburn House Office Building, Washington, DC 20515",614-220-0003
House,Jim Jordan,Republican,OH-4,https://jordan.house.gov/,202-225-2676,"2056 Rayburn House Office Building, Washington, DC 20515",419-999-6455
House,Robert Latta,Republican,OH-5,https://latta.house.gov/,202-225-6405,"2470 Rayburn House Office Building, Washington, DC 20515",
House,Michael Rulli,Republican,OH-6,https://rulli.house.gov,202-225-5705,"421 Cannon House Office Building, Washington, DC 20515",330-967-7312
House,Max Miller,Republican,OH-7,https://maxmiller.house.gov,202-225-3876,"143 Cannon House Office Building, Washington, DC 20515",440-692-6120
House,Warren Davidson,Republican,OH-8,https://davidson.house.gov/,202-225-6205,"2113 Rayburn House Office Building, Washington, DC 20515",513-779-5400
House,Marcy Kaptur,Democrat,OH-9,https://kaptur.house.gov/,202-225-4146,"2314 Rayburn House Office Building, Washington, DC 20515",No phone number available
Senate,James Lankford,Republican,OK,https://www.lankford.senate.gov/contact/email,202-224-5754,"731 Hart Senate Office Building, Washington, DC 20510",918-581-7651
Senate,Markwayne Mullin,Republican,OK,https://www.mullin.senate.gov/contact/,202-224-4721,"330 Hart Senate Office Building, Washington, DC 20510",405-246-0025
House,Kevin Hern,Republican,OK-1,https://hern.house.gov,202-225-2211,"171 Cannon House Office Building, Washington, DC 20515",918-935-3222
House,Josh Brecheen,Republican,OK-2,https://brecheen.house.gov,202-225-2701,"351 Cannon House Office Building, Washington, DC 20515",918-283-6262
House,Frank Lucas,Republican,OK-3,https://lucas.house.gov,202-225-5565,"2405 Rayburn House Office Building, Washington, DC 20515",405-373-1958
House,Tom Cole,Republican,OK-4,https://cole.house.gov,202-225-6165,"2207 Rayburn House Office Building, Washington, DC 20515",580-357-2131
House,Stephanie Bice,Republican,OK-5,https://bice.house.gov,202-225-2132,"2402 Rayburn House Office Building, Washington, DC 20515",405-300-6890
Senate,Jeff Merkley,Democrat,OR,https://www.merkley.senate.gov/contact/,202-224-3753,"531 Hart Senate Office Building, Washington, DC 20510",503-362-8102
Senate,Ron Wyden,Democrat,OR,https://www.wyden.senate.gov/contact/,202-224-5244,"221 Dirksen Senate Office Building, Washington, DC 20510",541-330-9142
House,Suzanne Bonamici,Democrat,OR-1,https://bonamici.house.gov,202-225-0855,"2231 Rayburn House Office Building, Washington, DC 20515",503-469-6010
House,Cliff Bentz,Republican,OR-2,https://bentz.house.gov,202-225-6730,"409 Cannon House Office Building, Washington, DC 20515",541-709-2040
House,Maxine Dexter,Democrat,OR-3,https://dexter.house.gov/,202-225-4811,"1207 Longworth House Office Building, Washington, DC 20515",503-231-2300
House,Val Hoyle,Democrat,OR-4,https://hoyle.house.gov,202-225-6416,"1620 Longworth House Office Building, Washington, DC 20515",541-465-6732
House,Janelle Bynum,Democrat,OR-5,https://bynum.house.gov/,202-225-5711,"1508 Longworth House Office Building, Washington, DC 20515",503-387-8651
House,Andrea Salinas,Democrat,OR-6,https://salinas.house.gov,202-225-5643,"403 Cannon House Office Building, Washington, DC 20515",503-385-0906
Senate,John Fetterman,Democrat,PA,https://www.fetterman.senate.gov/contact/,202-224-4254,"142 Russell Senate Office Building, Washington, DC 20510",507-820-4088
Senate,David McCormick,Republican,PA,https://mccormick.senate.gov/,202-224-6324,"B40C Dirksen Senate Office Building, Washington, DC 20510",
House,Brian Fitzpatrick,Republican,PA-1,https://fitzpatrick.house.gov/,202-225-4276,"271 Cannon House Office Building, Washington, DC 20515",215-579-8102
House,Scott Perry,Republican,PA-10,https://perry.house.gov/,202-225-5836,"2160 Rayburn House Office Building, Washington, DC 20515",717-603-4980
House,Lloyd Smucker,Republican,PA-11,https://smucker.house.gov/,202-225-2411,"302 Cannon House Office Building, Washington, DC 20515",717-393-0667
House,Summer Lee,Democrat,PA-12,https://summerlee.house.gov,202-225-2135,"2437 Rayburn House Office Building, Washington, DC 20515",412-214-5000
House,John Joyce,Republican,PA-13,https://johnjoyce.house.gov/,202-225-2431,"2102 Rayburn House Office Building, Washington, DC 20515",814-656-6081
House,Guy Reschenthaler,Republican,PA-14,https://reschenthaler.house.gov/,202-225-2065,"2209 Rayburn House Office Building, Washington, DC 20515",724-219-4200
House,Glenn Thompson,Republican,PA-15,https://thompson.house.gov,202-225-5121,"400 Cannon House Office Building, Washington, DC 20515",
House,Mike Kelly,Republican,PA-16,https://kelly.house.gov,202-225-5406,"1707 Longworth House Office Building, Washington, DC 20515",724-342-7170
House,Christopher Deluzio,Democrat,PA-17,https://deluzio.house.gov,202-225-2301,"1222 Longworth House Office Building, Washington, DC 20515",
House,Brendan Boyle,Democrat,PA-2,https://boyle.house.gov/,202-225-6111,"1502 Longworth House Office Building, Washington, DC 20515",267-335-5643
House,Dwight Evans,Democrat,PA-3,https://evans.house.gov/,202-225-4001,"1105 Longworth House Office Building, Washington, DC 20515",215-276-0340
House,Madeleine Dean,Democrat,PA-4,https://dean.house.gov,202-225-4731,"150 Cannon House Office Building, Washington, DC 20515",610-382-1250
House,Mary Gay Scanlon,Democrat,PA-5,https://scanlon.house.gov/,202-225-2011,"1214 Longworth House Office Building, Washington, DC 20515",610-626-2020
House,Chrissy Houlahan,Democrat,PA-6,https://houlahan.house.gov/,202-225-4315,"1727 Longworth House Office Building, Washington, DC 20515",610-883-5050
House,Ryan Mackenzie,Republican,PA-7,https://mackenzie.house.gov/,202-225-6411,"121 Cannon House Office Building, Washington, DC 20515",484-781-6932
House,Robert Bresnahan,Republican,PA-8,https://bresnahan.house.gov/,202-225-5546,"1133 Longworth House Office Building, Washington, DC 20515",
House,Dan Meuser,Republican,PA-9,https://meuser.house.gov,202-225-6511,"350 Cannon House Office Building, Washington, DC 20515",717-603-1459
House,Pablo Jose Hernandez,Democrat,PR,https://clerk.house.gov/members/H001103,202-225-2615,"1419 Longworth House Office Building, Washington, DC 20515",
Senate,Jack Reed,Democrat,RI,https://www.reed.senate.gov/contact/,202-224-4642,"728 Hart Senate Office Building, Washington, DC 20510",401-528-5200
Senate,Sheldon Whitehouse,Democrat,RI,https://www.whitehouse.senate.gov/contact/email-sheldon,202-224-2921,"530 Hart Senate Office Building, Washington, DC 20510",401-453-5294
House,Gabe Amo,Democrat,RI-1,https://amo.house.gov,202-225-4911,"1119 Longworth House Office Building, Washington, DC 20515",401-729-5600
House,Seth Magaziner,Democrat,RI-2,https://magaziner.house.gov,202-225-2735,"252 Cannon House Office Building, Washington, DC 20515",401-244-1201
Senate,Lindsey Graham,Republican,SC,https://www.lgraham.senate.gov/public/index.cfm/e-mail-senator-graham,202-224-5972,"211 Russell Senate Office Building, Washington, DC 20510",843-669-1505
Senate,Tim Scott,Republican,SC,https://www.scott.senate.gov/contact/email-me,202-224-6121,"104 Hart Senate Office Building, Washington, DC 20510",864-233-5366
House,Nancy Mace,Republican,SC-1,https://mace.house.gov,202-225-3176,"1728 Longworth House Office Building, Washington, DC 20515",843-521-2530
House,Joe Wilson,Republican,SC-2,https://joewilson.house.gov/,202-225-2452,"1436 Longworth House Office Building, Washington, DC 20515",803-642-6416
House,Sheri Biggs,Republican,SC-3,https://sheribiggs.house.gov/,202-225-5301,"1530 Longworth House Office Building, Washington, DC 20515",864-224-7401
House,William Timmons,Republican,SC-4,https://timmons.house.gov/,202-225-6030,"267 Cannon House Office Building, Washington, DC 20515",864-241-0175
House,Ralph Norman,Republican,SC-5,https://norman.house.gov,202-225-5501,"569 Cannon House Office Building, Washington, DC 20515",803-327-1114
House,James Clyburn,Democrat,SC-6,https://clyburn.house.gov/,202-225-3315,"274 Cannon House Office Building, Washington, DC 20515",
House,Russell Fry,Republican,SC-7,https://fry.house.gov,202-225-9895,"345 Cannon House Office Building, Washington, DC 20515",843-799-6880
House,Dusty Johnson,Republican,SD,https://dustyjohnson.house.gov/,202-225-2801,"1714 Longworth House Office Building, Washington, DC 20515",605-646-6454
Senate,Mike Rounds,Republican,SD,https://www.rounds.senate.gov/contact/email-mike,202-224-5842,"716 Hart Senate Office Building, Washington, DC 20510",605-343-5035
Senate,John Thune,Republican,SD,https://www.thune.senate.gov/public/index.cfm/contact,202-224-2321,"511 Dirksen Senate Office Building, Washington, DC 20510",605-348-7551
Senate,Marsha Blackburn,Republican,TN,https://www.blackburn.senate.gov/email-me,202-224-3344,"357 Dirksen Senate Office Building, Washington, DC 20510",731-660-3971
Senate,Bill Hagerty,Republican,TN,https://www.hagerty.senate.gov/email-me/,202-224-4944,"251 Russell Senate Office Building, Washington, DC 20510",423-325-6240
House,Diana Harshbarger,Republican,TN-1,https://harshbarger.house.gov,202-225-6356,"167 Cannon House Office Building, Washington, DC 20515",423-398-5186
House,Tim Burchett,Republican,TN-2,https://burchett.house.gov,202-225-5435,"1122 Longworth House Office Building, Washington, DC 20515",865-523-3772
House,Charles Fleischmann,Republican,TN-3,https://fleischmann.house.gov/,202-225-3271,"2187 Rayburn House Office Building, Washington, DC 20515",
House,Scott DesJarlais,Republican,TN-4,https://desjarlais.house.gov/,202-225-6831,"2304 Rayburn House Office Building, Washington, DC 20515",931-962-3180
House,Andrew Ogles,Republican,TN-5,https://ogles.house.gov,202-225-4311,"151 Cannon House Office Building, Washington, DC 20515",
House,John Rose,Republican,TN-6,https://johnrose.house.gov/,202-225-4231,"2238 Rayburn House Office Building, Washington, DC 20515",615-206-8204
House,Mark Green,Republican,TN-7,https://markgreen.house.gov/,202-225-2811,"2446 Rayburn House Office Building, Washington, DC 20515",629-999-4950
House,David Kustoff,Republican,TN-8,https://kustoff.house.gov,202-225-4714,"560 Cannon House Office Building, Washington, DC 20515",731-423-4848
House,Steve Cohen,Democrat,TN-9,https://cohen.house.gov/,202-225-3265,"2268 Rayburn House Office Building, Washington, DC 20515",901-544-4131
Senate,John Cornyn,Republican,TX,https://www.cornyn.senate.gov/contact,202-224-2934,"517 Hart Senate Office Building, Washington, DC 20510",806-472-7533
Senate,Ted Cruz,Republican,TX,https://www.cruz.senate.gov/?p=form&id=16,202-224-5922,"167 Russell Senate Office Building, Washington, DC 20510",713-718-3057
House,Nathaniel Moran,Republican,TX-1,https://moran.house.gov,202-225-3035,"1605 Longworth House Office Building, Washington, DC 20515",903-561-6349
House,Michael McCaul,Republican,TX-10,https://mccaul.house.gov,202-225-2401,"2300 Rayburn House Office Building, Washington, DC 20515",979-431-6480
House,August Pfluger,Republican,TX-11,https://pfluger.house.gov,202-225-3605,"2202 Rayburn House Office Building, Washington, DC 20515",254-669-6570
House,Craig Goldman,Republican,TX-12,https://craiggoldman.house.gov/,202-225-5071,"1716 Longworth House Office Building, Washington, DC 20515",817-806-9474
House,Ronny Jackson,Republican,TX-13,https://jackson.house.gov,202-225-3706,"125 Cannon House Office Building, Washington, DC 20515",806-641-5600
House,Randy Weber,Republican,TX-14,https://weber.house.gov,202-225-2831,"107 Cannon House Office Building, Washington, DC 20515",409-835-0108
House,Monica De La Cruz,Republican,TX-15,https://delacruz.house.gov,202-225-9901,"1415 Longworth House Office Building, Washington, DC 20515",956-800-6069
House,Veronica Escobar,Democrat,TX-16,https://escobar.house.gov,202-225-4831,"2448 Rayburn House Office Building, Washington, DC 20515",915-541-1400
House,Pete Sessions,Republican,TX-17,https://sessions.house.gov,202-225-6105,"2204 Rayburn House Office Building, Washington, DC 20515",No phone number available
House,Sylvester Turner,Democrat,TX-18,https://sylvesterturner.house.gov/,202-225-3816,"1318 Longworth House Office Building, Washington, DC 20515",713-655-0050
House,Jody Arrington,Republican,TX-19,https://arrington.house.gov,202-225-4005,"1111 Longworth House Office Building, Washington, DC 20515",
House,Dan Crenshaw,Republican,TX-2,https://crenshaw.house.gov/,202-225-6565,"248 Cannon House Office Building, Washington, DC 20515",281-640-7720
House,Joaquin Castro,Democrat,TX-20,https://castro.house.gov,202-225-3236,"2241 Rayburn House Office Building, Washington, DC 20515",210-348-8216
House,Chip Roy,Republican,TX-21,https://roy.house.gov,202-225-4236,"103 Cannon House Office Building, Washington, DC 20515",512-871-5959
House,Troy Nehls,Republican,TX-22,https://nehls.house.gov,202-225-5951,"1104 Longworth House Office Building, Washington, DC 20515",346-762-6600
House,Ernest Gonzales,Republican,TX-23,https://gonzales.house.gov,202-225-4511,"2239 Rayburn House Office Building, Washington, DC 20515",
House,Elizabeth Van Duyne,Republican,TX-24,https://vanduyne.house.gov,202-225-6605,"1725 Longworth House Office Building, Washington, DC 20515",
House,Roger Williams,Republican,TX-25,https://williams.house.gov,202-225-9896,"2336 Rayburn House Office Building, Washington, DC 20515",682-218-5965
House,Brandon Gill,Republican,TX-26,https://gill.house.gov/,202-225-7772,"1305 Longworth House Office Building, Washington, DC 20515",972-966-5454
House,Michael Cloud,Republican,TX-27,https://cloud.house.gov,202-225-7742,"304 Cannon House Office Building, Washington, DC 20515",361-884-2222
House,Henry Cuellar,Democrat,TX-28,https://cuellar.house.gov/,202-225-1640,"2308 Rayburn House Office Building, Washington, DC 20515",956-725-0639
House,Sylvia Garcia,Democrat,TX-29,https://sylviagarcia.house.gov/,202-225-1688,"2419 Rayburn House Office Building, Washington, DC 20515",832-325-3150
House,Keith Self,Republican,TX-3,https://keithself.house.gov,202-225-4201,"1030 Longworth House Office Building, Washington, DC 20515",972-202-4150
House,Jasmine Crockett,Democrat,TX-30,https://crockett.house.gov,202-225-8885,"1616 Longworth House Office Building, Washington, DC 20515",214-922-8885
House,John Carter,Republican,TX-31,https://carter.house.gov/,202-225-3864,"2208 Rayburn House Office Building, Washington, DC 20515",512-591-9061
House,Julie Johnson,Democrat,TX-32,https://juliejohnson.house.gov/,202-225-2231,"221 Cannon House Office Building, Washington, DC 20515",972-972-7949
House,Marc Veasey,Democrat,TX-33,https://veasey.house.gov,202-225-9897,"2186 Rayburn House Office Building, Washington, DC 20515",214-741-1387
House,Vicente Gonzalez,Democrat,TX-34,https://gonzalez.house.gov,202-225-2531,"1201 Longworth House Office Building, Washington, DC 20515",956-682-5545
House,Greg Casar,Democrat,TX-35,https://casar.house.gov,202-225-5645,"446 Cannon House Office Building, Washington, DC 20515",512-691-1200
House,Brian Babin,Republican,TX-36,https://babin.house.gov,202-225-1555,"2236 Rayburn House Office Building, Washington, DC 20515",409-331-8066
House,Lloyd Doggett,Democrat,TX-37,https://doggett.house.gov,202-225-4865,"2307 Rayburn House Office Building, Washington, DC 20515",512-916-5921
House,Wesley Hunt,Republican,TX-38,https://hunt.house.gov,202-225-5646,"1520 Longworth House Office Building, Washington, DC 20515",346-246-7355
House,Patrick Fallon,Republican,TX-4,https://fallon.house.gov,202-225-6673,"2416 Rayburn House Office Building, Washington, DC 20515",
House,Lance Gooden,Republican,TX-5,https://gooden.house.gov,202-225-3484,"2431 Rayburn House Office Building, Washington, DC 20515",903-502-5300
House,Jake Ellzey,Republican,TX-6,https://ellzey.house.gov/,202-225-2002,"1721 Longworth House Office Building, Washington, DC 20515",469-550-7150
House,Elizabeth Fletcher,Democrat,TX-7,https://fletcher.house.gov,202-225-2571,"2004 Rayburn House Office Building, Washington, DC 20515",
House,Morgan Luttrell,Republican,TX-8,https://luttrell.house.gov,202-225-4901,"444 Cannon House Office Building, Washington, DC 20515",281-305-7890
House,Al Green,Democrat,TX-9,https://algreen.house.gov,202-225-7508,"2347 Rayburn House Office Building, Washington, DC 20515",713-383-9234
Senate,John Curtis,Republican,UT,https://www.curtis.senate.gov/,202-224-5251,"B11 Russell Senate Office Building, Washington, DC 20510",No phone number available
Senate,Mike Lee,Republican,UT,https://www.lee.senate.gov/public/index.cfm/contact,202-224-5444,"363 Russell Senate Office Building, Washington, DC 20510",801-524-5933
House,Blake Moore,Republican,UT-1,https://blakemoore.house.gov,202-225-0453,"1131 Longworth House Office Building, Washington, DC 20515",801-625-0107
House,Celeste Maloy,Republican,UT-2,https://maloy.house.gov,202-225-9730,"249 Cannon House Office Building, Washington, DC 20515",801-364-5550
House,Mike Kennedy,Republican,UT-3,https://mikekennedy.house.gov/,202-225-7751,"1626 Longworth House Office Building, Washington, DC 20515",801-607-3238
House,Burgess Owens,Republican,UT-4,https://owens.house.gov,202-225-3011,"309 Cannon House Office Building, Washington, DC 20515",801-999-9801
Senate,Tim Kaine,Democrat,VA,https://www.kaine.senate.gov/contact,202-224-4024,"231 Russell Senate Office Building, Washington, DC 20510",703-361-3192
Senate,Mark Warner,Democrat,VA,https://www.warner.senate.gov/public/index.cfm?p=Contact,202-224-2023,"703 Hart Senate Office Building, Washington, DC 20510",703-442-0670
House,Robert Wittman,Republican,VA-1,https://wittman.house.gov/,202-225-4261,"2055 Rayburn House Office Building, Washington, DC 20515",
House,Suhas Subramanyam,Democrat,VA-10,https://subramanyam.house.gov/,202-225-5136,"1009 Longworth House Office Building, Washington, DC 20515",703-236-1300
House,Gerald Connolly,Democrat,VA-11,https://connolly.house.gov/,202-225-1492,"2265 Rayburn House Office Building, Washington, DC 20515",
House,Jennifer Kiggans,Republican,VA-2,https://kiggans.house.gov,202-225-4215,"152 Cannon House Office Building, Washington, DC 20515",
House,Robert Scott,Democrat,VA-3,https://bobbyscott.house.gov,202-225-8351,"2328 Rayburn House Office Building, Washington, DC 20515",
House,Jennifer McClellan,Democrat,VA-4,https://mcclellan.house.gov/,202-225-6365,"1628 Longworth House Office Building, Washington, DC 20515",No phone number available
House,John McGuire,Republican,VA-5,https://mcguire.house.gov/,202-225-4711,"1013 Longworth House Office Building, Washington, DC 20515",202-225-4711
House,Ben Cline,Republican,VA-6,https://cline.house.gov,202-225-5431,"2443 Rayburn House Office Building, Washington, DC 20515",540-432-2391
House,Eugene Vindman,Democrat,VA-7,https://vindman.house.gov/,202-225-2815,"1005 Longworth House Office Building, Washington, DC 20515",703-987-2180
House,Don Beyer,Democrat,VA-8,https://beyer.house.gov,202-225-4376,"1226 Longworth House Office Building, Washington, DC 20515",703-658-5403
House,Morgan Griffith,Republican,VA-9,https://morgangriffith.house.gov/,202-225-3861,"2110 Rayburn House Office Building, Washington, DC 20515",276-525-1405
House,Becca Balint,Democrat,VT,https://balint.house.gov,202-225-4115,"1510 Longworth House Office Building, Washington, DC 20515",802-652-2450
Senate,Bernard Sanders,Independent,VT,https://www.sanders.senate.gov/contact/,202-224-5141,"332 Dirksen Senate Office Building, Washington, DC 20510",
Senate,Peter Welch,Democrat,VT,https://www.welch.senate.gov/email-peter/,202-224-4242,"124 Russell Senate Office Building, Washington, DC 20510",802-863-2525
Senate,Maria Cantwell,Democrat,WA,https://www.cantwell.senate.gov/public/index.cfm/email-maria,202-224-3441,"511 Hart Senate Office Building, Washington, DC 20510",509-353-2507
Senate,Patty Murray,Democrat,WA,https://www.murray.senate.gov/write-to-patty/,202-224-2621,"154 Russell Senate Office Building, Washington, DC 20510",360-696-7797
House,Suzan DelBene,Democrat,WA-1,https://delbene.house.gov,202-225-6311,"2311 Rayburn House Office Building, Washington, DC 20515",425-485-0085
House,Marilyn Strickland,Democrat,WA-10,https://strickland.house.gov,202-225-9740,"1724 Longworth House Office Building, Washington, DC 20515",360-459-8514
House,Rick Larsen,Democrat,WA-2,https://larsen.house.gov,202-225-2605,"2163 Rayburn House Office Building, Washington, DC 20515",425-252-3188
House,Marie Gluesenkamp Perez,Democrat,WA-3,https://gluesenkampperez.house.gov,202-225-3536,"1431 Longworth House Office Building, Washington, DC 20515",
House,Dan Newhouse,Republican,WA-4,https://newhouse.house.gov,202-225-5816,"460 Cannon House Office Building, Washington, DC 20515",509-452-3243
House,Michael Baumgartner,Republican,WA-5,https://baumgartner.house.gov/,202-225-2006,"124 Cannon House Office Building, Washington, DC 20515",509-353-2374
House,Emily Randall,Democrat,WA-6,https://randall.house.gov/,202-225-5916,"1531 Longworth House Office Building, Washington, DC 20515",360-373-9725
House,Pramila Jayapal,Democrat,WA-7,https://jayapal.house.gov,202-225-3106,"2346 Rayburn House Office Building, Washington, DC 20515",206-674-0040
House,Kim Schrier,Democrat,WA-8,https://schrier.house.gov,202-225-7761,"1110 Longworth House Office Building, Washington, DC 20515",509-850-5340
House,Adam Smith,Democrat,WA-9,https://adamsmith.house.gov/,202-225-8901,"2264 Rayburn House Office Building, Washington, DC 20515",425-793-5180
Senate,Tammy Baldwin,Democrat,WI,https://www.baldwin.senate.gov/feedback,202-224-5653,"141 Hart Senate Office Building, Washington, DC 20510",414-297-4451
Senate,Ron Johnson,Republican,WI,https://www.ronjohnson.senate.gov/public/index.cfm/email-the-senator,202-224-5323,"328 Hart Senate Office Building, Washington, DC 20510",608-240-9629
House,Bryan Steil,Republican,WI-1,https://steil.house.gov,202-225-3031,"1526 Longworth House Office Building, Washington, DC 20515",414-285-2120
House,Mark Pocan,Democrat,WI-2,https://pocan.house.gov,202-225-2906,"1026 Longworth House Office Building, Washington, DC 20515",608-258-9800
House,Derrick Van Orden,Republican,WI-3,https://vanorden.house.gov,202-225-5506,"1513 Longworth House Office Building, Washington, DC 20515",715-831-9214
House,Gwen Moore,Democrat,WI-4,https://gwenmoore.house.gov,202-225-4572,"2252 Rayburn House Office Building, Washington, DC 20515",414-297-1140
House,Scott Fitzgerald,Republican,WI-5,https://fitzgerald.house.gov,202-225-5101,"2444 Rayburn House Office Building, Washington, DC 20515",262-784-1111
House,Glenn Grothman,Republican,WI-6,https://grothman.house.gov,202-225-2476,"1211 Longworth House Office Building, Washington, DC 20515",920-907-0624
House,Tom Tiffany,Republican,WI-7,https://tiffany.house.gov/,202-225-3365,"451 Cannon House Office Building, Washington, DC 20515",715-298-9344
House,Tony Wied,Republican,WI-8,https://wied.house.gov/,202-225-5665,"424 Cannon House Office Building, Washington, DC 20515",920-301-4500
Senate,Shelley Capito,Republican,WV,https://www.capito.senate.gov/contact/contact-shelley,202-224-6472,"170 Russell Senate Office Building, Washington, DC 20510",
Senate,James Justice,Republican,WV,https://www.justice.senate.gov/,202-224-3954,"G12 Dirksen Senate Office Building, Washington, DC 20510",
House,Carol Miller,Republican,WV-1,https://miller.house.gov/,202-225-3452,"465 Cannon House Office Building, Washington, DC 20515",304-250-6177
House,Riley Moore,Republican,WV-2,https://rileymoore.house.gov/,202-225-2711,"1337 Longworth House Office Building, Washington, DC 20515",304-350-6995
House,Harriet Hageman,Republican,WY-1,https://hageman.house.gov,202-225-2311,"1227 Longworth House Office Building, Washington, DC 20515",307-772-2595
Senate,John Barrasso,Republican,WY,https://www.barrasso.senate.gov/public/index.cfm/contact-form,202-224-6441,"307 Dirksen Senate Office Building, Washington, DC 20510",307-362-5012
Senate,Cynthia Lummis,Republican,WY,https://www.lummis.senate.gov/contact/contact-form/,202-224-3424,"127A Russell Senate Office Building, Washington, DC 20510",307-772-2477